{
    "accuracy": 0.8734177215189873,
    "precision": 0.5925925925925926,
    "recall": 0.4,
    "auc_score": 0.699762156448203
}
