{
    "accuracy": 0.9452054794520548,
    "precision": 0.7730496453900709,
    "recall": 0.7956204379562044,
    "auc_score": 0.9366190207701566
}
